ORIGIN_AIRPORT,source_airport_avg_delay,destination_airport_avg_delay,airport_avg_taxi_out_time,airport_avg_taxi_in_time,total_airline_delay,total_security_delay,total_air_system_delay,total_late_aircraft_delay,total_weather_delay
10135,-11.461538461538462,-12.090909090909092,17.545454545454547,6.923076923076923,0.0,0.0,0.0,23.0,0.0
10136,2.1666666666666665,26.90909090909091,14.363636363636363,9.25,0.0,0.0,0.0,0.0,146.0
10140,7.048543689320389,6.3619047619047615,13.885714285714286,7.669902912621359,463.0,0.0,185.0,458.0,152.0
10141,1.75,-6.25,16.25,10.0,0.0,4.0,14.0,0.0,0.0
10146,-7.2,-10.8,14.4,6.4,0.0,0.0,0.0,0.0,0.0
10155,-9.166666666666666,0.6666666666666666,20.666666666666668,12.166666666666666,0.0,0.0,0.0,0.0,0.0
10157,6.222222222222222,6.25,23.875,5.111111111111111,0.0,0.0,54.0,54.0,0.0
10158,-2.9375,-4.625,11.625,8.8125,72.0,0.0,10.0,0.0,0.0
10170,10.5,-14.5,11.5,3.5,0.0,0.0,0.0,0.0,0.0
10185,20.46153846153846,30.0,14.833333333333334,9.923076923076923,0.0,0.0,52.0,252.0,2.0
10208,-4.9,-8.8,14.4,6.3,0.0,0.0,0.0,0.0,0.0
10257,-8.930232558139535,-8.21951219512195,13.439024390243903,7.4186046511627906,3.0,0.0,32.0,13.0,0.0
10268,-12.666666666666666,-13.5,14.5,17.0,0.0,0.0,0.0,0.0,0.0
10279,25.235294117647058,24.9375,17.625,10.117647058823529,24.0,0.0,377.0,76.0,0.0
10299,-2.7142857142857144,2.6486486486486487,13.702702702702704,6.441558441558442,50.0,0.0,114.0,61.0,0.0
10333,-5.0,-11.333333333333334,20.0,7.0,0.0,0.0,0.0,0.0,0.0
10372,-4.333333333333333,-2.0,22.0,7.0,0.0,0.0,0.0,0.0,0.0
10397,-5.863145939806928,-3.45042492917847,15.51841359773371,5.936399772856332,3180.0,0.0,2248.0,1315.0,308.0
10408,-1.4545454545454546,-0.16666666666666666,21.0,11.181818181818182,0.0,0.0,32.0,0.0,0.0
10423,40.357798165137616,29.70731707317073,17.024390243902438,7.513761467889908,339.0,0.0,1178.0,2859.0,499.0
10431,-3.3125,-5.411764705882353,19.11764705882353,7.625,28.0,0.0,43.0,0.0,0.0
10434,-5.333333333333333,-1.6666666666666667,21.5,8.666666666666666,7.0,0.0,18.0,0.0,0.0
10469,-8.285714285714286,-17.285714285714285,15.285714285714286,11.857142857142858,0.0,0.0,15.0,0.0,0.0
10529,-6.228260869565218,-3.9072164948453607,15.309278350515465,8.565217391304348,84.0,0.0,216.0,69.0,0.0
10551,9.4,14.2,12.4,4.0,2.0,0.0,11.0,51.0,0.0
10561,-6.2727272727272725,-5.909090909090909,21.545454545454547,7.545454545454546,0.0,0.0,0.0,0.0,0.0
10577,-3.25,-8.666666666666666,17.666666666666668,5.0,0.0,0.0,23.0,0.0,0.0
10581,41.0,41.0,19.0,6.5,0.0,0.0,0.0,76.0,0.0
10599,8.17741935483871,12.203389830508474,16.220338983050848,7.774193548387097,160.0,0.0,68.0,524.0,215.0
10620,-12.2,-4.214285714285714,15.071428571428571,7.266666666666667,0.0,0.0,0.0,0.0,0.0
10627,-8.733333333333333,-4.375,16.8125,6.8,0.0,0.0,0.0,0.0,16.0
10631,-6.75,-8.75,17.5,4.75,0.0,0.0,0.0,0.0,0.0
10685,-9.538461538461538,-11.307692307692308,16.076923076923077,11.076923076923077,0.0,0.0,39.0,0.0,0.0
10693,3.302127659574468,0.5083333333333333,15.45,8.187234042553191,523.0,0.0,454.0,1423.0,320.0
10713,-5.301587301587301,2.676470588235294,16.764705882352942,6.888888888888889,114.0,0.0,21.0,128.0,0.0
10721,-4.424954792043399,-4.94010889292196,16.533575317604356,8.157323688969258,1124.0,8.0,515.0,870.0,96.0
10728,11.75,73.75,15.75,14.25,4.0,0.0,8.0,37.0,0.0
10731,-13.0,-3.25,18.5,6.25,0.0,0.0,0.0,0.0,0.0
10732,-10.0,-1.4444444444444444,17.0,5.0,0.0,0.0,0.0,0.0,0.0
10739,-0.6666666666666666,-13.333333333333334,16.0,3.6666666666666665,0.0,0.0,38.0,0.0,0.0
10747,-2.5,49.57142857142857,24.571428571428573,8.833333333333334,0.0,0.0,0.0,46.0,12.0
10754,-8.5,-0.8333333333333334,11.333333333333334,4.5,0.0,0.0,0.0,0.0,0.0
10779,-18.75,3.5,17.25,6.0,0.0,0.0,0.0,0.0,0.0
10781,33.75,17.17142857142857,19.142857142857142,11.5,96.0,0.0,369.0,323.0,516.0
10785,-5.722222222222222,-3.9444444444444446,22.0,9.5,0.0,0.0,0.0,0.0,0.0
10792,-6.244897959183674,-8.5,16.055555555555557,8.387755102040817,129.0,0.0,69.0,30.0,0.0
10800,-2.9473684210526314,-0.7096774193548387,12.806451612903226,5.842105263157895,12.0,0.0,119.0,84.0,24.0
10821,1.14,-6.301098901098901,12.613186813186813,6.597777777777778,1486.0,0.0,823.0,549.0,0.0
10849,-13.421052631578947,-10.6,16.0,7.421052631578948,0.0,0.0,0.0,0.0,0.0
10868,8.045454545454545,0.18181818181818182,24.863636363636363,10.954545454545455,277.0,0.0,14.0,0.0,0.0
10874,-9.733333333333333,-2.0,17.275862068965516,7.766666666666667,0.0,0.0,0.0,0.0,0.0
10918,-3.0,-1.3333333333333333,15.666666666666666,5.0,0.0,0.0,17.0,0.0,0.0
10926,20.5,29.0,13.5,5.0,0.0,0.0,0.0,137.0,0.0
10980,-3.0476190476190474,-7.285714285714286,16.476190476190474,7.619047619047619,0.0,0.0,26.0,0.0,0.0
10990,-2.230769230769231,-10.416666666666666,16.583333333333332,11.846153846153847,13.0,0.0,23.0,26.0,0.0
10994,2.3098591549295775,5.202898550724638,16.884057971014492,8.253521126760564,9.0,0.0,118.0,460.0,100.0
11003,-1.7777777777777777,0.7142857142857143,17.464285714285715,9.814814814814815,103.0,0.0,0.0,60.0,0.0
11013,2.3333333333333335,-5.0,20.333333333333332,8.0,0.0,0.0,0.0,0.0,0.0
11042,-0.06043956043956044,4.478260869565218,16.53804347826087,8.813186813186814,317.0,0.0,906.0,299.0,0.0
11049,20.181818181818183,25.636363636363637,15.636363636363637,12.727272727272727,43.0,0.0,10.0,277.0,0.0
11057,-1.575139146567718,-5.467680608365019,16.93916349809886,7.0686456400742115,540.0,0.0,1015.0,352.0,0.0
11066,4.2105263157894735,-4.834782608695652,15.904347826086957,8.289473684210526,874.0,0.0,278.0,174.0,141.0
11067,-2.909090909090909,-2.8181818181818183,18.363636363636363,12.272727272727273,0.0,0.0,72.0,9.0,0.0
11076,-6.0,-13.0,16.75,14.25,0.0,0.0,0.0,15.0,0.0
11097,18.0,17.0,22.0,5.0,1.0,0.0,0.0,17.0,0.0
11109,11.333333333333334,15.393939393939394,22.545454545454547,9.333333333333334,189.0,0.0,214.0,171.0,0.0
11111,-6.125,3.0,18.875,11.75,0.0,0.0,21.0,0.0,17.0
11122,-16.571428571428573,-6.875,19.0,7.857142857142857,0.0,0.0,0.0,0.0,0.0
11140,42.94736842105263,29.6,14.95,9.263157894736842,55.0,0.0,284.0,298.0,258.0
11146,-2.3,-6.6,16.9,8.4,0.0,0.0,37.0,3.0,0.0
11150,-2.1666666666666665,1.5,15.666666666666666,7.666666666666667,1.0,0.0,17.0,0.0,0.0
11193,0.425531914893617,0.45555555555555555,20.044444444444444,9.76595744680851,60.0,0.0,238.0,150.0,0.0
11203,14.625,15.714285714285714,19.571428571428573,10.5,0.0,0.0,11.0,178.0,0.0
11252,-5.285714285714286,-6.571428571428571,12.571428571428571,11.142857142857142,0.0,0.0,0.0,0.0,0.0
11259,20.426751592356688,15.346153846153847,12.224358974358974,5.885350318471337,2119.0,0.0,757.0,3840.0,756.0
11267,-3.289473684210526,-6.825,17.775,8.473684210526315,33.0,0.0,15.0,166.0,0.0
11274,-14.5,-11.5,17.25,14.0,0.0,0.0,0.0,0.0,0.0
11278,-1.2133333333333334,-3.010869565217391,15.940217391304348,7.826666666666667,780.0,19.0,869.0,781.0,0.0
11292,-0.8522613065326633,0.2597402597402597,14.345654345654346,7.053266331658292,3659.0,0.0,1865.0,2165.0,92.0
11298,16.892982456140352,18.732988802756246,14.72609819121447,6.689473684210526,6087.0,0.0,3969.0,10879.0,5700.0
11308,-8.571428571428571,-9.666666666666666,15.0,8.714285714285714,0.0,0.0,0.0,0.0,0.0
11315,-11.25,-6.0,22.5,4.0,0.0,0.0,0.0,0.0,0.0
11337,-5.75,-2.4166666666666665,21.5,8.666666666666666,0.0,0.0,0.0,0.0,0.0
11413,10.571428571428571,-0.375,18.125,11.857142857142858,100.0,0.0,13.0,0.0,0.0
11423,-4.068181818181818,-3.4523809523809526,16.11904761904762,11.727272727272727,0.0,0.0,98.0,0.0,94.0
11433,4.024,-1.6926229508196722,15.96311475409836,6.604,3960.0,0.0,1002.0,429.0,14.0
11447,-11.333333333333334,-16.0,11.5,5.0,0.0,0.0,0.0,0.0,0.0
11471,-13.5,-15.25,20.25,14.0,0.0,0.0,0.0,0.0,0.0
11481,8.166666666666666,4.409090909090909,18.045454545454547,8.25,37.0,0.0,29.0,134.0,183.0
11503,-21.0,,,10.0,0.0,0.0,0.0,0.0,0.0
11525,-2.0,10.333333333333334,22.0,6.0,0.0,0.0,0.0,0.0,0.0
11537,13.363636363636363,-1.0909090909090908,19.636363636363637,7.454545454545454,0.0,0.0,49.0,0.0,153.0
11540,30.966666666666665,15.431034482758621,13.689655172413794,7.833333333333333,1050.0,0.0,334.0,565.0,91.0
11577,-5.0,-11.333333333333334,17.0,11.333333333333334,0.0,0.0,0.0,0.0,0.0
11587,84.0,-9.333333333333334,19.666666666666668,8.333333333333334,247.0,0.0,6.0,0.0,0.0
11603,-5.375,2.5625,20.375,9.25,3.0,0.0,14.0,43.0,0.0
11612,-2.0,-8.333333333333334,17.095238095238095,13.6,15.0,0.0,68.0,49.0,26.0
11617,-7.666666666666667,-14.0,18.333333333333332,7.0,0.0,0.0,0.0,0.0,0.0
11618,-2.44362292051756,-0.23076923076923078,15.985347985347985,7.66173752310536,1982.0,66.0,772.0,1277.0,94.0
11624,-1.8,-14.1,13.3,9.9,44.0,0.0,4.0,0.0,0.0
11630,-3.3636363636363638,3.727272727272727,13.090909090909092,7.2727272727272725,0.0,0.0,18.0,0.0,0.0
11637,0.10344827586206896,3.9285714285714284,16.714285714285715,9.344827586206897,68.0,0.0,24.0,158.0,0.0
11638,-0.6153846153846154,-5.8,18.375,8.717948717948717,24.0,0.0,126.0,0.0,83.0
11641,-9.222222222222221,-10.444444444444445,16.88888888888889,8.11111111111111,0.0,0.0,0.0,0.0,0.0
11648,-12.0,4.25,20.5,5.75,0.0,0.0,0.0,0.0,0.0
11695,0.14285714285714285,-3.3333333333333335,19.555555555555557,5.857142857142857,0.0,0.0,0.0,0.0,0.0
11697,4.751412429378531,-0.3370473537604457,16.225626740947074,8.112994350282486,1485.0,0.0,1183.0,910.0,237.0
11721,-4.3076923076923075,-6.869565217391305,17.347826086956523,8.26923076923077,11.0,0.0,0.0,29.0,0.0
11775,22.153846153846153,4.84,17.36,9.038461538461538,591.0,0.0,6.0,120.0,0.0
11778,-5.5,13.7,18.0,11.9,10.0,0.0,53.0,1.0,0.0
11823,-4.9655172413793105,-4.827586206896552,18.24137931034483,8.517241379310345,0.0,0.0,3.0,0.0,36.0
11865,-20.2,-14.6,16.2,9.6,0.0,0.0,0.0,0.0,0.0
11867,-2.25,41.5,14.75,9.75,11.0,0.0,18.0,0.0,11.0
11884,-5.043478260869565,6.872340425531915,15.680851063829786,7.369565217391305,131.0,0.0,16.0,0.0,0.0
11898,2.5,-7.333333333333333,17.666666666666668,5.25,0.0,0.0,28.0,0.0,0.0
11905,2.0,0.3333333333333333,15.333333333333334,7.0,0.0,0.0,0.0,0.0,0.0
11921,-5.923076923076923,2.0714285714285716,19.785714285714285,11.76923076923077,0.0,0.0,20.0,0.0,0.0
11953,0.07692307692307693,3.1538461538461537,16.307692307692307,7.0,0.0,0.0,0.0,121.0,0.0
11973,41.4,32.53846153846154,17.23076923076923,10.533333333333333,0.0,0.0,257.0,474.0,0.0
11977,-2.4615384615384617,5.25,18.583333333333332,10.192307692307692,29.0,0.0,2.0,26.0,0.0
11980,1.3333333333333333,-5.666666666666667,19.333333333333332,10.0,0.0,0.0,20.0,0.0,13.0
11982,26.095238095238095,8.263157894736842,16.94736842105263,9.142857142857142,0.0,0.0,467.0,200.0,0.0
11986,-6.229166666666667,-8.08695652173913,17.47826086956522,9.291666666666666,0.0,0.0,73.0,0.0,0.0
11995,-8.818181818181818,-1.5714285714285714,22.892857142857142,8.575757575757576,0.0,0.0,31.0,24.0,0.0
11996,-4.875,-3.375,19.5,9.0,11.0,0.0,68.0,0.0,0.0
12003,-10.9,8.2,18.8,5.8,0.0,0.0,0.0,16.0,0.0
12007,13.8,-17.0,16.25,8.4,0.0,0.0,18.0,77.0,0.0
12016,-0.5,-2.5,19.5,6.0,0.0,0.0,0.0,0.0,0.0
12129,-11.2,-13.0,14.8,4.6,0.0,0.0,0.0,0.0,0.0
12156,-8.5,0.875,18.5,7.0,0.0,0.0,0.0,0.0,0.0
12173,-8.78688524590164,0.9327731092436975,11.516806722689076,6.942622950819672,150.0,21.0,20.0,93.0,0.0
12177,50.333333333333336,7.333333333333333,14.666666666666666,11.333333333333334,0.0,0.0,161.0,0.0,0.0
12191,28.35918367346939,24.092,12.672,6.0653061224489795,1226.0,0.0,1257.0,4497.0,584.0
12197,11.975,4.025,16.45,8.175,592.0,0.0,40.0,90.0,0.0
12206,33.714285714285715,27.0,13.272727272727273,8.0,11.0,0.0,2.0,523.0,0.0
12217,8.428571428571429,12.31578947368421,14.578947368421053,9.380952380952381,50.0,0.0,8.0,273.0,0.0
12255,-10.666666666666666,-9.666666666666666,13.666666666666666,7.333333333333333,0.0,0.0,0.0,0.0,0.0
12264,-1.3614457831325302,-4.3023255813953485,15.354651162790697,7.969879518072289,351.0,0.0,318.0,460.0,0.0
12265,-13.0,-14.0,10.0,6.0,0.0,0.0,0.0,0.0,0.0
12266,36.73676880222841,32.98926174496644,16.523489932885905,7.1991643454039,9779.0,65.0,4453.0,12800.0,2055.0
12278,2.3076923076923075,-3.8205128205128207,17.05128205128205,10.435897435897436,63.0,0.0,127.0,108.0,0.0
12280,-10.090909090909092,0.45454545454545453,17.636363636363637,9.181818181818182,0.0,0.0,0.0,0.0,0.0
12323,-8.5,-6.166666666666667,16.5,7.583333333333333,0.0,0.0,0.0,0.0,0.0
12335,-20.0,-21.333333333333332,13.333333333333334,4.75,0.0,0.0,0.0,0.0,0.0
12339,-4.530769230769231,-1.037593984962406,16.007518796992482,8.453846153846154,78.0,0.0,77.0,241.0,100.0
12343,-15.666666666666666,-11.0,14.666666666666666,5.666666666666667,0.0,0.0,0.0,0.0,0.0
12389,-18.916666666666668,-4.454545454545454,16.818181818181817,7.25,0.0,0.0,0.0,0.0,0.0
12391,-9.045454545454545,5.7727272727272725,11.772727272727273,7.0,12.0,0.0,0.0,20.0,0.0
12402,-6.366666666666666,-6.290322580645161,10.516129032258064,7.133333333333334,0.0,0.0,0.0,20.0,0.0
12441,-19.22222222222222,-1.875,16.75,6.0,0.0,0.0,0.0,0.0,0.0
12448,4.942857142857143,19.424242424242426,19.03030303030303,9.657142857142857,11.0,0.0,208.0,263.0,40.0
12451,-3.019047619047619,-1.702970297029703,17.22772277227723,8.666666666666666,35.0,0.0,289.0,82.0,91.0
12478,-3.0042372881355934,-2.417372881355932,15.620762711864407,7.25,1595.0,0.0,1416.0,217.0,0.0
12511,-5.0,3.0,24.333333333333332,13.0,0.0,0.0,0.0,0.0,0.0
12519,-18.25,-10.5,18.25,6.25,0.0,0.0,0.0,0.0,0.0
12523,-8.105263157894736,-4.95,13.7,5.368421052631579,6.0,0.0,9.0,34.0,0.0
12758,-0.7903225806451613,-0.08196721311475409,13.59016393442623,7.048387096774194,504.0,0.0,0.0,0.0,0.0
12819,-11.666666666666666,-3.4166666666666665,12.333333333333334,6.0,0.0,0.0,0.0,0.0,0.0
12884,-4.8,-1.8181818181818181,19.454545454545453,7.8,0.0,0.0,0.0,0.0,0.0
12888,-13.0,-16.666666666666668,12.333333333333334,8.666666666666666,0.0,0.0,0.0,0.0,0.0
12889,-0.7088948787061995,0.3042895442359249,13.994638069705093,7.510781671159029,1667.0,0.0,1373.0,2053.0,174.0
12891,23.333333333333332,25.285714285714285,15.857142857142858,10.166666666666666,0.0,0.0,0.0,33.0,169.0
12892,1.8864541832669324,-0.22123893805309736,16.066863323500492,7.353585657370518,4700.0,69.0,1635.0,2670.0,95.0
12896,43.25,48.13636363636363,16.136363636363637,7.25,232.0,0.0,74.0,583.0,188.0
12898,7.625,10.75,13.75,6.75,0.0,0.0,111.0,0.0,0.0
12915,16.88888888888889,20.625,15.75,11.666666666666666,0.0,0.0,53.0,0.0,140.0
12945,-4.870967741935484,-2.2857142857142856,18.214285714285715,8.741935483870968,0.0,0.0,22.0,69.0,0.0
12951,20.210526315789473,14.38888888888889,16.38888888888889,10.157894736842104,4.0,0.0,56.0,85.0,297.0
12953,4.843956043956044,-3.1434977578475336,16.623318385650226,7.8901098901098905,1429.0,0.0,3092.0,1557.0,180.0
12954,-1.3095238095238095,-1.3478260869565217,15.565217391304348,6.238095238095238,41.0,0.0,2.0,79.0,0.0
12982,-4.824561403508772,1.9827586206896552,13.810344827586206,6.982456140350878,43.0,0.0,0.0,194.0,0.0
12992,13.43859649122807,14.070175438596491,16.666666666666668,10.771929824561404,70.0,0.0,521.0,565.0,0.0
13029,-4.428571428571429,2.8666666666666667,21.333333333333332,10.714285714285714,0.0,0.0,8.0,19.0,0.0
13061,27.5,36.63636363636363,16.454545454545453,9.9,2.0,0.0,267.0,66.0,0.0
13076,-5.777777777777778,-0.5555555555555556,23.0,8.555555555555555,0.0,0.0,31.0,0.0,0.0
13127,-13.0,2.3333333333333335,14.0,7.666666666666667,0.0,0.0,0.0,0.0,0.0
13158,17.137931034482758,25.703703703703702,14.407407407407407,6.689655172413793,0.0,0.0,153.0,198.0,263.0
13184,0.2857142857142857,9.571428571428571,26.714285714285715,12.285714285714286,0.0,0.0,0.0,53.0,0.0
13198,1.7142857142857142,3.888888888888889,14.920634920634921,8.148148148148149,379.0,20.0,718.0,487.0,41.0
13204,-0.3472949389179756,-0.3008695652173913,15.64,7.4223385689354275,975.0,0.0,1077.0,1355.0,371.0
13230,-0.26666666666666666,1.0666666666666667,18.2,9.933333333333334,19.0,0.0,32.0,0.0,0.0
13232,-0.6919540229885057,-4.843822843822844,12.79020979020979,6.011494252873563,1039.0,0.0,525.0,714.0,16.0
13241,-2.4,8.8,13.6,6.4,0.0,0.0,0.0,60.0,0.0
13244,-2.8157894736842106,1.9722222222222223,15.083333333333334,9.657894736842104,1.0,0.0,148.0,395.0,78.0
13256,47.5,32.6,18.8,11.333333333333334,0.0,0.0,501.0,71.0,91.0
13264,-13.666666666666666,64.8,19.466666666666665,5.466666666666667,0.0,0.0,0.0,27.0,0.0
13277,7.533333333333333,13.0,17.866666666666667,11.866666666666667,0.0,0.0,23.0,184.0,0.0
13290,7.0,26.444444444444443,19.77777777777778,12.444444444444445,99.0,0.0,1.0,6.0,0.0
13296,-1.2903225806451613,-8.545454545454545,13.787878787878787,9.96774193548387,0.0,0.0,163.0,0.0,0.0
13303,5.714285714285714,9.785326086956522,17.828804347826086,8.666666666666666,1818.0,0.0,1129.0,1359.0,110.0
13342,-3.8767123287671232,-1.2013422818791946,16.671140939597315,9.061643835616438,84.0,0.0,128.0,269.0,112.0
13344,-19.0,-5.0,22.75,11.25,0.0,0.0,0.0,0.0,0.0
13360,-13.166666666666666,-13.166666666666666,13.666666666666666,6.666666666666667,0.0,0.0,0.0,0.0,0.0
13367,2.789473684210526,9.578947368421053,17.31578947368421,9.473684210526315,0.0,0.0,21.0,140.0,0.0
13377,20.4,4.538461538461538,17.615384615384617,11.8,0.0,0.0,319.0,69.0,0.0
13422,28.095238095238095,17.285714285714285,18.857142857142858,11.238095238095237,18.0,0.0,536.0,160.0,0.0
13433,-14.5,-6.0,19.125,7.125,0.0,0.0,0.0,0.0,0.0
13459,-11.0,-6.0,21.0,16.0,0.0,0.0,0.0,0.0,0.0
13476,-11.642857142857142,10.857142857142858,18.428571428571427,8.357142857142858,0.0,0.0,0.0,0.0,0.0
13485,-4.651162790697675,-2.3333333333333335,16.487179487179485,10.55813953488372,33.0,0.0,13.0,37.0,0.0
13486,-14.666666666666666,4.0,17.375,8.0,0.0,0.0,0.0,0.0,0.0
13487,-1.8168761220825853,0.18181818181818182,17.087412587412587,7.380610412926392,1225.0,0.0,1005.0,495.0,246.0
13495,17.959183673469386,11.955223880597014,14.497512437810945,9.051020408163266,914.0,0.0,2175.0,1519.0,152.0
13502,-1.0,3.5,16.5,8.0,0.0,0.0,0.0,0.0,0.0
13577,-3.9375,-0.7878787878787878,18.151515151515152,10.53125,0.0,0.0,88.0,80.0,0.0
13795,-2.3333333333333335,1.3333333333333333,15.833333333333334,7.833333333333333,1.0,0.0,22.0,0.0,0.0
13796,0.2534562211981567,3.087557603686636,12.456221198156681,6.253456221198157,353.0,0.0,367.0,673.0,48.0
13830,-7.621848739495798,-0.9661016949152542,13.194915254237289,7.428571428571429,79.0,0.0,0.0,167.0,0.0
13851,4.523255813953488,8.25609756097561,15.25609756097561,8.372093023255815,49.0,0.0,258.0,351.0,286.0
13871,0.6973684210526315,1.1139240506329113,16.39240506329114,9.013157894736842,112.0,0.0,153.0,137.0,104.0
13873,-7.75,2.5,8.0,4.0,0.0,0.0,0.0,0.0,0.0
13891,2.595959595959596,5.445544554455446,14.534653465346535,6.424242424242424,192.0,0.0,44.0,576.0,174.0
13930,-1.807742782152231,-1.1249178172255094,15.090729783037474,6.485564304461942,4787.0,0.0,3372.0,1472.0,279.0
13931,-0.5576923076923077,-1.5217391304347827,18.32608695652174,8.5,74.0,0.0,131.0,137.0,0.0
13933,-15.666666666666666,6.666666666666667,17.166666666666668,5.666666666666667,0.0,0.0,0.0,0.0,0.0
13970,0.5,9.25,18.5,3.75,0.0,0.0,0.0,0.0,0.0
14006,-17.75,-7.0,15.75,10.75,0.0,0.0,0.0,0.0,0.0
14025,-16.0,10.0,11.0,8.0,0.0,0.0,0.0,0.0,0.0
14027,-3.3904761904761904,-5.644230769230769,18.432692307692307,7.714285714285714,177.0,0.0,144.0,98.0,0.0
14057,-7.28030303030303,4.2556390977443606,14.721804511278195,7.6893939393939394,538.0,0.0,317.0,353.0,35.0
14098,-2.857142857142857,-8.0,16.714285714285715,7.285714285714286,0.0,0.0,0.0,21.0,0.0
14100,-0.1501416430594901,-4.200564971751413,16.073446327683616,8.167138810198301,1081.0,0.0,1029.0,524.0,245.0
14107,0.9723756906077348,-2.451923076923077,14.442307692307692,6.678176795580111,2149.0,0.0,1120.0,1281.0,359.0
14108,-2.2,-6.076923076923077,20.0,10.32,70.0,0.0,82.0,0.0,0.0
14109,-3.6666666666666665,4.0,9.0,5.0,0.0,0.0,0.0,0.0,0.0
14113,-4.0,5.0,20.666666666666668,7.666666666666667,0.0,0.0,0.0,0.0,0.0
14122,-6.3760683760683765,-4.321428571428571,15.339285714285714,8.324786324786325,266.0,0.0,103.0,0.0,0.0
14150,-6.0,-10.25,13.0,10.5,0.0,0.0,0.0,0.0,0.0
14193,18.307692307692307,9.666666666666666,15.185185185185185,9.153846153846153,57.0,0.0,405.0,153.0,42.0
14222,1.0,-6.0,17.0,6.0,0.0,0.0,0.0,0.0,0.0
14252,-6.153846153846154,1.2307692307692308,18.76923076923077,6.0,0.0,0.0,0.0,66.0,0.0
14254,-8.5,-8.0,15.5,5.25,0.0,0.0,0.0,0.0,0.0
14256,-9.0,-2.0,8.0,3.75,0.0,0.0,0.0,18.0,0.0
14262,11.0,10.326086956521738,17.347826086956523,8.48936170212766,417.0,0.0,125.0,368.0,56.0
14307,4.78125,2.1515151515151514,14.166666666666666,7.828125,597.0,0.0,70.0,135.0,0.0
14321,-8.36,-4.52,18.28,7.56,1.0,0.0,0.0,21.0,0.0
14457,15.846153846153847,8.153846153846153,18.0,8.384615384615385,50.0,0.0,23.0,79.0,165.0
14487,-2.25,0.25,17.25,5.0,0.0,0.0,0.0,18.0,0.0
14489,-15.636363636363637,-3.6363636363636362,18.636363636363637,6.181818181818182,0.0,0.0,0.0,0.0,0.0
14492,7.402439024390244,-2.215686274509804,15.4640522875817,7.5,822.0,0.0,282.0,409.0,570.0
14520,-8.8,-12.5,17.5,3.2,0.0,0.0,0.0,0.0,0.0
14524,4.6,3.9195402298850577,21.114942528735632,8.729411764705882,497.0,0.0,158.0,319.0,0.0
14543,-16.666666666666668,-6.333333333333333,21.666666666666668,8.0,0.0,0.0,0.0,0.0,0.0
14570,-6.846153846153846,6.720588235294118,14.485294117647058,7.476923076923077,10.0,0.0,25.0,60.0,0.0
14574,-3.7,-6.181818181818182,20.09090909090909,10.3,7.0,0.0,35.0,0.0,0.0
14576,-4.0,-6.534883720930233,16.511627906976745,9.195121951219512,90.0,0.0,45.0,0.0,0.0
14588,10.6,71.5,18.75,12.0,19.0,0.0,6.0,44.0,0.0
14633,13.363636363636363,2.090909090909091,18.454545454545453,10.181818181818182,140.0,0.0,0.0,119.0,0.0
14635,-5.054054054054054,-5.940677966101695,15.805084745762711,8.423423423423424,118.0,0.0,94.0,31.0,106.0
14674,0.6666666666666666,17.666666666666668,16.333333333333332,14.666666666666666,0.0,0.0,0.0,53.0,0.0
14679,1.6497175141242937,-2.9747899159663866,14.159663865546218,7.4124293785310735,1271.0,0.0,509.0,949.0,189.0
14683,8.447552447552448,13.58695652173913,15.123188405797102,8.020979020979022,185.0,0.0,955.0,1080.0,49.0
14685,4.212121212121212,0.6176470588235294,17.235294117647058,9.93939393939394,0.0,0.0,416.0,0.0,0.0
14689,-3.3529411764705883,-4.424242424242424,19.060606060606062,10.235294117647058,0.0,0.0,25.0,121.0,0.0
14696,25.47826086956522,21.045454545454547,20.136363636363637,9.869565217391305,711.0,0.0,35.0,0.0,0.0
14698,-7.733333333333333,-5.933333333333334,18.266666666666666,11.8,15.0,0.0,23.0,16.0,0.0
14709,-11.5,-0.8333333333333334,11.833333333333334,4.0,0.0,0.0,0.0,0.0,0.0
14711,-9.0,-10.5,20.0,11.75,0.0,0.0,0.0,0.0,0.0
14730,-5.479166666666667,-4.888888888888889,14.311111111111112,8.520833333333334,13.0,0.0,93.0,85.0,0.0
14747,-0.43618739903069464,5.91437802907916,15.521809369951535,6.930533117932149,3104.0,0.0,1056.0,977.0,172.0
14771,-4.429455445544554,-0.6521739130434783,16.341614906832298,8.132425742574258,2091.0,0.0,778.0,1781.0,207.0
14783,-1.4137931034482758,8.392857142857142,18.571428571428573,12.241379310344827,15.0,0.0,52.0,37.0,36.0
14794,-4.5,-4.416666666666667,20.166666666666668,6.25,0.0,0.0,0.0,0.0,0.0
14814,14.303030303030303,3.903225806451613,19.677419354838708,11.909090909090908,393.0,0.0,52.0,181.0,0.0
14828,-6.333333333333333,-12.2,10.0,3.3333333333333335,3.0,0.0,19.0,8.0,0.0
14831,2.230769230769231,5.9,13.877777777777778,6.906593406593407,319.0,0.0,177.0,640.0,263.0
14842,-1.0,8.833333333333334,18.333333333333332,10.0,12.0,0.0,17.0,65.0,2.0
14843,18.585365853658537,7.457364341085271,17.565891472868216,8.08130081300813,1116.0,0.0,141.0,1785.0,37.0
14869,-1.2217659137577002,-3.1359832635983262,14.926778242677825,6.587268993839836,1078.0,0.0,396.0,429.0,1103.0
14893,0.48,4.9238578680203045,14.695431472081218,7.085,360.0,0.0,428.0,336.0,0.0
14905,-7.75,-16.75,15.75,12.5,0.0,0.0,16.0,0.0,0.0
14908,2.9,-1.0473684210526315,14.721052631578948,7.785,58.0,0.0,384.0,1127.0,305.0
14952,3.625,4.875,19.75,13.875,9.0,0.0,41.0,19.0,0.0
14960,138.8,4.166666666666667,19.666666666666668,12.0,8.0,0.0,0.0,732.0,0.0
14986,5.411764705882353,5.611111111111111,16.944444444444443,10.058823529411764,1.0,0.0,16.0,159.0,0.0
15016,2.021097046413502,1.722943722943723,14.25108225108225,8.0084388185654,525.0,0.0,727.0,891.0,134.0
15024,-5.136363636363637,-7.619047619047619,16.571428571428573,8.136363636363637,50.0,0.0,52.0,13.0,0.0
15027,-6.25,-4.4,14.2,7.25,0.0,0.0,0.0,0.0,0.0
15041,-7.75,-4.75,16.0,10.25,0.0,0.0,0.0,0.0,0.0
15048,-13.333333333333334,-15.333333333333334,13.333333333333334,17.0,0.0,0.0,0.0,0.0,0.0
15070,-2.0,-0.75,13.5,7.0,0.0,0.0,23.0,0.0,0.0
15096,-4.636363636363637,-8.838709677419354,19.06451612903226,10.0,29.0,0.0,154.0,0.0,0.0
15249,-7.384615384615385,-4.5,18.083333333333332,7.3076923076923075,0.0,0.0,18.0,0.0,0.0
15295,-12.6,-23.8,11.0,10.4,0.0,0.0,0.0,0.0,0.0
15304,2.289473684210526,-0.1870967741935484,15.451612903225806,8.154605263157896,688.0,0.0,881.0,1128.0,423.0
15323,2.7142857142857144,-4.625,14.5,8.142857142857142,14.0,0.0,5.0,28.0,0.0
15356,-1.375,1.0588235294117647,14.941176470588236,9.625,30.0,0.0,110.0,23.0,0.0
15370,9.231884057971014,16.779411764705884,16.11764705882353,9.695652173913043,463.0,0.0,244.0,376.0,52.0
15376,0.8701298701298701,6.430379746835443,15.734177215189874,9.168831168831169,20.0,0.0,324.0,108.0,96.0
15380,-14.11111111111111,-14.625,15.875,10.222222222222221,0.0,0.0,0.0,0.0,0.0
15389,-6.5,7.0,18.0,4.25,0.0,0.0,0.0,0.0,0.0
15401,-3.6,16.2,18.0,11.4,0.0,0.0,0.0,0.0,0.0
15411,0.25,11.166666666666666,18.25,13.0,35.0,0.0,7.0,36.0,0.0
15412,3.6857142857142855,6.96969696969697,20.818181818181817,10.6,62.0,0.0,187.0,107.0,0.0
15497,-26.0,-34.0,8.0,6.0,0.0,0.0,0.0,0.0,0.0
15607,-7.6,-10.75,14.0,5.8,0.0,0.0,0.0,0.0,0.0
15624,-2.56,0.2,17.0,13.0,18.0,0.0,24.0,56.0,0.0
15841,-5.25,-13.5,11.25,3.5,0.0,0.0,16.0,0.0,0.0
15919,7.66,-0.4375,21.041666666666668,11.18,436.0,0.0,29.0,66.0,243.0
15991,18.75,-14.0,9.333333333333334,4.0,0.0,0.0,0.0,125.0,21.0
16218,-5.666666666666667,-6.6,20.5,6.444444444444445,0.0,0.0,0.0,0.0,0.0
ABE,6.35609756097561,5.422448979591837,18.942448979591838,8.40528455284553,9875.0,0.0,7894.0,12215.0,355.0
ABI,2.535625517812759,3.741908713692946,15.11161825726141,10.647887323943662,9189.0,46.0,4404.0,7518.0,5059.0
ABQ,4.389880520485658,5.254556001353507,14.74829603132402,7.661007110724133,62506.0,282.0,38042.0,99690.0,9344.0
ABR,9.067215363511659,-3.2043895747599453,18.175582990397807,7.743484224965706,4877.0,26.0,1575.0,2979.0,376.0
ABY,7.947312961011591,8.605263157894736,17.98421052631579,7.863013698630137,5723.0,0.0,1328.0,4744.0,0.0
ACK,10.326848249027238,5.003875968992248,21.410852713178294,5.9863813229571985,2960.0,110.0,2405.0,3631.0,387.0
ACT,3.2538829151732376,9.60226595110316,17.054859868813356,11.22162485065711,3888.0,15.0,1852.0,13609.0,106.0
ACV,7.968092820884699,9.630513376717282,21.79175704989154,5.9804205946337925,2521.0,0.0,5380.0,13199.0,13.0
ACY,7.889981397820888,11.343783209351754,13.022848034006376,8.235184693064044,11687.0,24.0,18730.0,18374.0,1636.0
ADK,11.704081632653061,-4.346938775510204,11.653061224489797,3.938775510204082,119.0,934.0,239.0,188.0,32.0
ADQ,1.83585313174946,-0.531317494600432,11.39524838012959,3.801295896328294,1227.0,340.0,321.0,1082.0,40.0
AEX,8.18231046931408,6.128343853321311,17.670273519687406,10.247593261131167,17495.0,106.0,9216.0,17716.0,2491.0
AGS,8.022665103556077,5.877782116360796,17.258883248730964,8.849159828057836,11023.0,0.0,6909.0,11952.0,36.0
AKN,4.349206349206349,2.380952380952381,11.984126984126984,3.5873015873015874,188.0,0.0,121.0,101.0,0.0
ALB,-2.204384107609914,5.912946150976246,15.975251834348962,7.979324947066883,23931.0,93.0,13818.0,24690.0,3832.0
ALO,-0.4449685534591195,4.7921875,18.584375,17.290880503144653,1495.0,32.0,2079.0,2616.0,481.0
AMA,6.005495763682162,6.232829670329671,14.975503663003662,8.34188229906114,14091.0,77.0,12482.0,20071.0,2277.0
ANC,-0.46905882352941175,1.620888496616652,14.188467196234187,6.1474705882352945,46169.0,21.0,16459.0,42426.0,3124.0
APN,2.0100840336134453,0.9916387959866221,19.770903010033443,7.694117647058824,882.0,15.0,494.0,4923.0,228.0
ASE,15.174498653097874,15.59344951923077,19.376201923076923,9.66836276563903,15984.0,437.0,14189.0,34769.0,5173.0
ATL,2.4525774818046773,1.860416861139634,16.126082492098842,5.858389850623668,1278127.0,1527.0,669096.0,1081051.0,315162.0
ATW,5.540172642762284,3.2902155887230515,18.883250414593697,9.986387782204515,7425.0,0.0,11762.0,12619.0,1815.0
AUS,5.004726422146664,6.7024626272838885,15.592017524854963,8.071764450553426,124255.0,299.0,91642.0,217085.0,20405.0
AVL,6.355057705363205,6.612293144208038,17.67274569402229,8.287508486082825,9934.0,0.0,10087.0,14869.0,2209.0
AVP,6.551460361613352,8.99233449477352,20.165853658536584,8.997913769123784,7270.0,0.0,4717.0,5655.0,843.0
AZO,0.5436422413793104,0.5965572888649812,18.519096288327056,11.929418103448276,4839.0,39.0,5253.0,7883.0,1158.0
BDL,0.20320295350229495,6.015758240662245,16.07395402184212,7.778487327878667,55927.0,106.0,42514.0,75483.0,10011.0
BET,3.789363920750782,2.392708333333333,11.167708333333334,4.157455683003128,1664.0,157.0,804.0,4665.0,289.0
BFL,3.2906724511930587,5.030379746835443,20.122242314647377,7.596167751265365,7514.0,2.0,8219.0,13419.0,633.0
BGM,6.337539432176656,3.3417721518987342,18.43354430379747,6.255520504731861,3051.0,3.0,534.0,1399.0,0.0
BGR,3.0438144329896906,2.4211886304909562,18.671834625322997,6.896907216494846,3169.0,0.0,554.0,413.0,19.0
BHM,4.220514733308467,5.211267605633803,16.22080631939787,8.621857515852295,47479.0,195.0,32909.0,62140.0,5701.0
BIL,-2.681290322580645,1.2146529562982005,17.233611825192803,6.9793548387096775,5264.0,0.0,3971.0,8571.0,410.0
BIS,4.248183041722745,4.0670421024403325,18.353982300884955,7.776312247644683,14213.0,123.0,10518.0,15973.0,1539.0
BJI,0.8213296398891967,-1.702627939142462,18.621023513139697,5.71191135734072,3375.0,0.0,1009.0,2096.0,183.0
BLI,-1.402542372881356,-6.736248236953456,17.059238363892806,7.4759887005649714,2123.0,0.0,1031.0,989.0,157.0
BMI,4.962820063135742,6.213137665967855,18.048218029350103,11.618379515959312,12401.0,0.0,9576.0,13781.0,1528.0
BNA,4.06853097205514,3.8848351128797134,15.145010046885465,7.943873626915416,154898.0,285.0,105072.0,244088.0,26660.0
BOI,5.607134382662343,5.4888151134297685,17.354043158643584,7.3353634422209915,49678.0,123.0,29876.0,56716.0,2885.0
BOS,3.789654421057219,5.777048580243686,17.27893984556119,7.743983963045278,369650.0,2141.0,438649.0,440294.0,72212.0
BPT,14.417759838546923,13.463,17.78,13.937436932391524,6200.0,0.0,4007.0,9061.0,227.0
BQK,4.554736842105263,6.05672268907563,18.389705882352942,7.75578947368421,5190.0,0.0,1783.0,4028.0,0.0
BQN,4.59704641350211,11.862579281183933,16.400986610288935,7.169479606188467,2066.0,0.0,1844.0,14885.0,61.0
BRD,-0.689873417721519,-3.8041074249605056,17.64139020537125,5.5015822784810124,1426.0,35.0,1942.0,1071.0,423.0
BRO,1.6294333469221363,3.939812932086214,16.069947132980886,9.997554015491236,7092.0,0.0,4691.0,11734.0,1420.0
BRW,1.796875,3.591517857142857,8.1328125,3.677455357142857,470.0,7.0,515.0,5764.0,179.0
BSM,-0.08355437665782493,1.4524826481580353,15.311532301121195,8.315649867374006,9004.0,0.0,5340.0,12422.0,3131.0
BTM,-6.323863636363637,-4.118065433854907,19.68705547652916,5.846590909090909,1501.0,0.0,363.0,2086.0,332.0
BTR,10.616414970453054,8.576,17.13311475409836,10.214182534471439,52415.0,0.0,22071.0,36729.0,2553.0
BTV,5.721617418351477,8.438715652979315,21.223217042297005,8.655054432348367,8459.0,0.0,20236.0,16464.0,754.0
BUF,0.18926129731532432,4.948726485766605,17.3960934465346,8.135734533933633,44943.0,43.0,45752.0,72005.0,5972.0
BUR,2.977066034005536,4.147407407407408,12.68237037037037,6.1673092131277185,28480.0,109.0,30203.0,90312.0,6267.0
BWI,6.781196711162281,3.174941334955675,13.383658525986442,6.692610976550196,437728.0,3097.0,214036.0,431728.0,64459.0
BZN,1.08584686774942,2.0777148739063303,17.93618116314977,7.5723124516628,9706.0,0.0,8450.0,14038.0,2527.0
CAE,7.500826446280992,8.816880733944954,20.82018348623853,10.378696051423324,28433.0,0.0,14440.0,27437.0,1124.0
CAK,-0.12732342007434944,4.812209482491478,16.676479702510072,8.282527881040892,17385.0,0.0,16593.0,20409.0,3367.0
CDC,0.47106109324758844,6.990353697749196,17.577170418006432,5.533762057877814,1250.0,0.0,502.0,2720.0,107.0
CDV,-1.7746478873239437,0.8665730337078652,11.00561797752809,4.250704225352113,595.0,391.0,516.0,3452.0,31.0
CEC,9.528735632183908,4.231638418079096,17.333333333333332,5.977011494252873,165.0,0.0,1821.0,1510.0,0.0
CHA,5.573259668508287,5.709435626102293,17.49029982363316,8.704972375690607,17375.0,0.0,10930.0,20941.0,705.0
CHO,8.52450558899398,9.988451668092386,20.748930710008555,9.807394668959587,11786.0,0.0,7737.0,16674.0,319.0
CHS,3.653316547328665,3.755313308760097,18.123362873500117,8.51632701235345,35453.0,4.0,49013.0,53474.0,2509.0
CID,8.221784407542922,6.772230014025245,19.089481065918655,11.875175907683648,29218.0,20.0,22901.0,44155.0,6636.0
CIU,8.235023041474655,4.774193548387097,19.583717357910906,7.771121351766513,3388.0,20.0,768.0,3175.0,487.0
CLD,5.240445859872612,4.3875598086124405,16.03189792663477,9.036624203821656,479.0,0.0,1650.0,3326.0,407.0
CLE,2.633308013672617,4.014278747155088,17.173079007261297,9.095681189300635,115974.0,381.0,128205.0,149943.0,10052.0
CLL,1.9468659194686593,1.1761528874117158,16.571250519318653,12.043171440431715,5777.0,0.0,5488.0,8298.0,1838.0
CLT,5.505885722733488,1.756139798488665,17.737692621129057,7.083167017777285,412764.0,5752.0,354127.0,314874.0,43323.0
CMH,3.0850815397189897,4.596514381089158,16.850522066529518,8.819717432763788,88640.0,130.0,71881.0,117507.0,15453.0
CMI,3.0168641750227896,1.8307552320291174,18.061419472247497,15.51640838650866,8385.0,0.0,7374.0,7307.0,5733.0
CMX,4.784660766961652,3.554733727810651,19.644970414201183,11.193215339233038,2553.0,18.0,1362.0,3563.0,383.0
CNY,-20.678048780487806,-11.575609756097561,10.473170731707317,4.5024390243902435,0.0,0.0,4.0,161.0,0.0
COD,8.10850439882698,3.870206489675516,20.491150442477878,7.288856304985337,2579.0,50.0,2066.0,2348.0,1095.0
COS,7.182499659261278,9.593673302427051,18.853149713662393,9.67588932806324,47132.0,0.0,20947.0,20548.0,7156.0
COU,10.876379690949227,9.354956268221574,18.893586005830905,13.350257542310523,10127.0,0.0,5861.0,6167.0,3154.0
CPR,-4.570133333333334,-1.2525252525252526,18.788942052099948,7.7552,2198.0,32.0,3247.0,5766.0,950.0
CRP,6.365877712031558,8.68224852071006,14.56173570019724,8.453254437869823,12519.0,41.0,11143.0,32021.0,4129.0
CRW,10.080708661417322,7.370720188902007,18.285320739866194,8.930708661417324,8687.0,0.0,8914.0,16636.0,2573.0
CSG,4.379605826906598,8.123182207014542,18.356715141146278,8.12853470437018,2877.0,0.0,1483.0,6449.0,0.0
CVG,5.253599062133646,5.536431574030827,18.857216254086875,9.295849941383352,73248.0,70.0,79023.0,98290.0,10402.0
CWA,3.5453333333333332,7.120080053368913,20.699132755170112,13.738,3139.0,0.0,7066.0,6184.0,589.0
DAB,-0.8377028714107366,1.4569288389513109,16.187265917602996,9.6729088639201,3887.0,0.0,2606.0,4647.0,193.0
DAL,7.7077824215776145,3.782400497512438,11.599751243781094,5.958765129033762,240635.0,499.0,120250.0,315081.0,46989.0
DAY,3.7593529929577465,4.9990115321252055,18.024931356397584,9.542033450704226,21015.0,70.0,34209.0,41771.0,3247.0
DBQ,1.1122770199370409,2.59601259181532,17.535152151101784,16.017838405036727,1251.0,0.0,3299.0,4261.0,1988.0
DCA,2.769122483715335,3.6438282578945347,16.730134165526238,7.58976721567423,200040.0,955.0,256692.0,350292.0,53798.0
DEN,6.4873157572855575,4.582792739352237,14.906143077470636,6.747144800906457,794314.0,922.0,561787.0,1072345.0,94362.0
DFW,6.355260293599623,5.263580092708247,14.833708052294114,6.462065171358799,1126677.0,5794.0,564754.0,1089522.0,277990.0
DHN,9.115214180206795,5.10693215339233,18.755162241887906,8.459379615952733,5964.0,0.0,3827.0,7372.0,0.0
DIK,-4.25562372188139,-3.3394871794871794,19.846153846153847,7.270961145194274,2680.0,605.0,1730.0,2412.0,851.0
DLG,-7.87012987012987,-4.194805194805195,10.766233766233766,4.077922077922078,81.0,35.0,19.0,174.0,0.0
DLH,9.54661694192861,3.937033084311633,20.547491995731058,10.445391582312201,5818.0,1.0,7651.0,10642.0,689.0
DRO,5.989061075660893,1.1429872495446265,18.345628415300546,9.3436645396536,8155.0,0.0,5964.0,8536.0,3645.0
DSM,6.250199203187251,6.681998864281658,18.152186257808065,11.134547524188958,32326.0,0.0,30298.0,50939.0,6230.0
DTW,3.20661972193394,3.377908674073947,16.517293194346653,6.783456699059104,500695.0,1170.0,316851.0,363312.0,43625.0
DVL,2.2932038834951456,-1.4280230326295584,14.201535508637235,6.1242718446601945,1530.0,7.0,717.0,1959.0,46.0
EAU,6.044733044733045,6.693965517241379,21.988505747126435,12.881673881673882,1685.0,0.0,2486.0,4608.0,434.0
ECP,0.05246776345042241,2.584424228977147,14.959618371422232,7.970875944864384,10798.0,0.0,7472.0,15895.0,3289.0
EGE,12.283582089552239,10.036333608587944,18.265895953757227,12.075456053067994,5769.0,19.0,4484.0,11860.0,2349.0
EKO,-3.3192239858906527,1.244718309859155,15.952464788732394,5.074074074074074,1193.0,0.0,629.0,1093.0,46.0
ELM,5.448040109389243,7.13126709206928,18.415679124886054,7.924339106654513,9856.0,0.0,6362.0,7490.0,580.0
ELP,4.574996098017793,6.806195516811955,14.52148194271482,7.86943967535508,35649.0,104.0,19458.0,61692.0,5347.0
ERI,7.7356020942408374,5.486274509803922,21.52418300653595,10.75523560209424,2660.0,0.0,3702.0,2655.0,707.0
ESC,2.428099173553719,0.4462809917355372,17.94710743801653,7.595041322314049,2831.0,35.0,448.0,2611.0,621.0
EUG,3.272,4.480803916516361,20.683586704457614,7.926709677419355,9903.0,50.0,13116.0,19402.0,167.0
EVV,6.218581907090464,1.9875549048316252,19.051976573938507,10.884596577017115,16362.0,0.0,18555.0,19967.0,1824.0
EWN,5.403877221324717,7.8476499189627225,18.445705024311184,7.5718901453958,2586.0,0.0,725.0,2622.0,0.0
EWR,3.9441269133186494,7.01162184795757,16.655848143668,7.762390684101449,497973.0,1699.0,290395.0,561862.0,58771.0
EYW,2.1743075453677174,4.8314231136580705,16.66284622731614,9.023877745940784,6336.0,64.0,1856.0,10607.0,1573.0
FAI,0.44011976047904194,2.0,14.533476394849785,6.231822070145423,7429.0,42.0,2875.0,8037.0,500.0
FAR,3.9993413469454966,5.245035286394223,18.105695059904807,10.152313518853944,16264.0,69.0,22002.0,29503.0,2322.0
FAT,8.423982020095188,6.992599444958372,18.604466763578696,9.040983606557377,41508.0,7.0,24037.0,31072.0,2791.0
FAY,5.816941444002274,4.819988642816582,18.04145371947757,8.71915861284821,8064.0,0.0,1850.0,9992.0,613.0
FCA,-2.691183404054691,0.8768867924528302,19.516509433962263,7.6892975011786895,4246.0,0.0,2897.0,6044.0,229.0
FLG,6.2353610005685045,5.406818181818182,20.110227272727272,7.238772029562251,4001.0,43.0,3262.0,8960.0,1403.0
FLL,3.431018163213098,5.252053007239889,16.82804625342168,7.928152980301867,276847.0,2040.0,257392.0,325517.0,24525.0
FNT,-2.1843519808879157,3.82479569463823,16.970500298983456,9.072267569181763,7452.0,17.0,11785.0,15858.0,3428.0
FSD,8.555893400107315,8.337250712250713,19.39512108262108,10.712752638168485,22023.0,17.0,22967.0,30406.0,4159.0
FSM,5.7351949927780455,9.547641963426372,17.978825794032723,11.619643716899374,9196.0,23.0,3929.0,12258.0,789.0
FWA,6.390344580043073,4.741987466427932,19.396956132497763,9.831299353912419,28313.0,154.0,15987.0,23664.0,4747.0
GCC,-4.482629107981221,-3.009354536950421,17.715622076707202,6.80093896713615,1060.0,15.0,1240.0,3573.0,581.0
GCK,4.515850144092219,4.2086330935251794,15.01726618705036,11.527377521613833,3984.0,0.0,2100.0,1946.0,939.0
GEG,2.7044455300439667,3.1178020691001365,15.480284989264103,6.86047874938935,34861.0,18.0,13341.0,36343.0,2762.0
GFK,4.24875,2.3083645443196006,18.953807740324596,5.43,1483.0,0.0,1743.0,3595.0,371.0
GGG,8.87779433681073,3.6419019316493313,19.065378900445765,14.441132637853949,2618.0,12.0,1626.0,3996.0,301.0
GJT,1.5321344339622642,1.8013517484572437,19.594475462826917,10.58313679245283,10082.0,9.0,6158.0,11008.0,1650.0
GNV,7.784916201117318,7.854406130268199,17.93138279345176,8.680516759776536,13013.0,0.0,4768.0,16565.0,629.0
GPT,1.19690207403518,4.348873755893138,17.346778418019905,10.735626148595433,9645.0,10.0,7890.0,14918.0,1234.0
GRB,3.6376420728183394,3.7651019622931896,18.731242785686803,10.825467154690811,8538.0,0.0,16289.0,24601.0,1886.0
GRI,-0.28012048192771083,0.5,16.20870870870871,10.525602409638553,3233.0,0.0,1446.0,1968.0,392.0
GRK,4.891603415559772,5.031700969955051,16.821859474804825,10.243358633776092,17922.0,0.0,7314.0,22523.0,2044.0
GRR,1.636776787274952,5.44824576714959,17.77893175074184,9.333770319874148,36971.0,40.0,27755.0,50940.0,5641.0
GSO,5.599715707178394,6.392507449978714,20.473392933163048,9.330774697938876,28229.0,9.0,26205.0,36462.0,1449.0
GSP,2.6815778190653137,4.787549971444888,17.403626499143346,8.586251250535945,17778.0,17.0,19884.0,25854.0,1079.0
GST,21.763157894736842,10.552631578947368,15.776315789473685,4.855263157894737,221.0,238.0,284.0,994.0,0.0
GTF,-1.1782363977485928,-0.14701737905119774,18.931892907468296,7.0136022514071295,5828.0,5.0,4301.0,4671.0,22.0
GTR,7.642570281124498,3.75250501002004,17.738476953907817,9.907630522088354,5154.0,0.0,2456.0,3850.0,0.0
GUC,8.625,10.548728813559322,18.911016949152543,9.423728813559322,1805.0,21.0,1615.0,4169.0,137.0
GUM,4.603351955307263,14.662011173184357,20.00558659217877,5.849162011173185,3297.0,0.0,384.0,349.0,6.0
HDN,8.157223796033994,5.603667136812412,18.156558533145276,10.740793201133144,2126.0,0.0,2588.0,6132.0,965.0
HIB,-1.2102510460251046,0.6356993736951984,20.793319415448853,5.595188284518828,1647.0,0.0,1021.0,5506.0,545.0
HLN,-2.1032713277742143,-1.3200769724182169,19.442591404746633,6.529826812059012,4022.0,0.0,4075.0,1279.0,71.0
HNL,0.6271499828001376,4.602583945999398,11.887914355733265,6.907873237014104,130032.0,153.0,18968.0,95760.0,4008.0
HOB,2.5133779264214047,2.5651438240270727,18.072758037225043,10.046822742474916,1798.0,0.0,1848.0,1352.0,1598.0
HOU,7.055056744720586,3.6657739593069234,12.13627866848803,6.275984054015228,234733.0,538.0,78341.0,273709.0,29881.0
HPN,9.038392857142858,8.456366420005104,17.115973462618015,8.764413265306123,45174.0,180.0,31734.0,44099.0,4440.0
HRL,1.144808743169399,4.3767413688673535,12.134766807995154,7.167880995749848,3747.0,0.0,4828.0,13622.0,715.0
HSV,2.8734124505517387,3.7811203319502074,17.17448132780083,9.469081823860087,17062.0,65.0,12662.0,17864.0,2832.0
HYA,8.621951219512194,3.5121951219512195,22.073170731707318,6.841463414634147,152.0,0.0,1171.0,487.0,0.0
HYS,2.7335526315789473,-3.4934640522875817,16.91013071895425,8.172697368421053,540.0,0.0,1834.0,2865.0,29.0
IAD,4.521841407040674,3.401591381384666,16.72126216777863,8.395716513033726,159619.0,72.0,140325.0,162138.0,23103.0
IAG,3.750750750750751,9.425149700598803,12.931137724550899,7.984984984984985,777.0,0.0,1244.0,2271.0,94.0
IAH,6.752892699044485,5.074981957067401,15.157066123356177,7.09787337186013,647462.0,2474.0,465104.0,670895.0,86796.0
ICT,6.242456140350877,6.027628817906272,18.141058521799952,9.989824561403509,30208.0,14.0,27590.0,45528.0,6351.0
IDA,-2.492969396195203,0.9950454170107349,18.73451692815855,7.774193548387097,5201.0,0.0,3520.0,6259.0,444.0
ILG,24.063157894736843,21.989473684210527,14.56842105263158,7.557894736842106,600.0,0.0,1073.0,1191.0,69.0
ILM,3.4995112414467253,4.378006872852234,18.51791850760923,8.796676441837732,9554.0,0.0,2912.0,7365.0,430.0
IMT,-1.2655538694992412,-8.10708898944193,16.71794871794872,5.562974203338391,1379.0,0.0,989.0,1517.0,1305.0
IND,1.8833144403408053,4.325776658270361,16.114007228123974,8.639082897575603,83637.0,196.0,67364.0,118306.0,8719.0
INL,5.255775577557756,-4.560777957860616,16.223662884927066,6.1072607260726075,3086.0,0.0,827.0,2217.0,849.0
ISN,0.5768382352941176,0.625,19.277941176470588,7.890441176470588,9852.0,19.0,7563.0,9641.0,2486.0
ISP,1.9006737665724842,8.80204037334491,11.897981332754505,6.36100847641817,15407.0,59.0,6131.0,22498.0,1877.0
ITH,7.9,4.225806451612903,22.322580645161292,7.733333333333333,247.0,0.0,0.0,116.0,0.0
ITO,0.2403364062752709,1.1356288393145813,11.75573876495312,7.260229661976387,5605.0,0.0,1075.0,13992.0,748.0
JAC,2.205270457697642,6.8725408700471045,17.747298420615127,8.847988904299584,11794.0,0.0,9688.0,20710.0,1938.0
JAN,3.4952899031444873,5.1178964101205455,17.635845807391707,11.584582725222237,20708.0,0.0,25228.0,34722.0,2548.0
JAX,3.3179196704428424,5.28642000720424,17.79195183450831,8.576622039134913,59318.0,163.0,50208.0,83796.0,5711.0
JFK,3.1906601123595504,6.4347799891551025,17.176189424216254,7.194713081861958,479019.0,6116.0,350929.0,420145.0,97545.0
JLN,7.994186046511628,8.848484848484848,16.594516594516595,13.279069767441861,2506.0,0.0,2073.0,3742.0,811.0
JMS,2.1486486486486487,2.8101571946795647,20.25272067714631,6.191646191646192,4362.0,0.0,1359.0,3626.0,179.0
JNU,5.6032658693652255,2.3965992647058822,13.033088235294118,5.167893284268629,13857.0,195.0,7540.0,20917.0,4465.0
KOA,-0.38875897778520124,0.1293735421526158,14.011912695768077,7.704108902622348,21970.0,136.0,4163.0,33315.0,1266.0
KTN,3.3249185667752443,4.504460665044607,14.733982157339822,5.852605863192182,5293.0,87.0,3021.0,14948.0,744.0
LAN,5.702783300198807,4.500249625561658,20.396904643035448,8.415506958250496,6168.0,0.0,8363.0,9435.0,249.0
LAR,-4.282178217821782,-2.248344370860927,17.516556291390728,7.62046204620462,1285.0,14.0,1057.0,2050.0,92.0
LAS,5.676406708624482,3.2078907961509664,14.212729818917945,7.174932171282258,520462.0,1092.0,333810.0,730669.0,33566.0
LAW,6.424444444444444,6.054733727810651,15.830621301775148,11.318518518518518,4693.0,0.0,2355.0,8308.0,2694.0
LAX,5.292729247092703,5.4440272270242085,17.17692304012781,7.09541577570165,747595.0,3419.0,468276.0,1041881.0,34061.0
LBB,6.223314894488834,7.95922131147541,14.510655737704917,7.624052448268797,14584.0,15.0,10467.0,25044.0,3808.0
LBE,7.201183431952662,10.339233038348082,13.854719764011799,9.168639053254438,1607.0,0.0,8785.0,10379.0,209.0
LCH,-0.03877139979859013,2.0190858864892016,17.10698141637368,10.724068479355488,5651.0,42.0,3708.0,6652.0,1459.0
LEX,2.259119496855346,3.5309901145457396,18.199121292954654,9.75062893081761,22506.0,8.0,16326.0,27770.0,1349.0
LFT,7.0623271252074495,5.369689166819938,17.22365274967813,10.619214456942652,19469.0,236.0,19222.0,25826.0,4502.0
LGA,5.032835560213082,9.688376928757434,18.275127288273932,7.821121881640614,374236.0,639.0,386523.0,742150.0,60361.0
LGB,4.043505874880915,3.20485118101896,15.976061857854042,6.326558695882291,27369.0,0.0,23285.0,41861.0,1898.0
LIH,-1.038165915716936,0.35873491322350454,13.821073033212933,7.6148953087728595,18952.0,137.0,3997.0,31139.0,1251.0
LIT,5.207760711398545,6.140581655480984,17.096644295302013,10.070511093146502,35568.0,0.0,35411.0,54644.0,8508.0
LNK,4.114707952146376,7.057273366127899,21.1268446943078,10.284306826178748,8889.0,46.0,8918.0,11017.0,811.0
LRD,2.274214377959535,2.9264516129032256,16.27698924731183,10.4687903572966,7341.0,0.0,4794.0,8727.0,1303.0
LSE,1.9367088607594938,1.3721330275229358,19.98967889908257,13.32566168009206,6323.0,0.0,6427.0,7125.0,1472.0
LWS,-6.860501567398119,-6.668759811616955,16.946624803767662,5.37460815047022,438.0,0.0,216.0,650.0,208.0
MAF,5.43631955079122,7.27088897367417,14.500572300648608,7.70635528330781,20189.0,15.0,16153.0,44312.0,4529.0
MBS,4.926692781197538,5.966685174902832,20.985008328706275,11.925573587017347,4226.0,0.0,5471.0,12875.0,973.0
MCI,3.638085382875295,4.712948705610625,15.103912039264749,8.033089473937528,112368.0,390.0,90099.0,188707.0,13080.0
MCO,6.420324419411038,4.9490949652689755,16.227458635434097,7.638098137717562,428879.0,1956.0,362162.0,604962.0,103044.0
MDT,1.655202063628547,4.01998287182415,18.764202112475022,9.920894239036974,13401.0,0.0,9747.0,15495.0,1267.0
MDW,5.297543802574708,2.376190088697209,12.807900212733804,6.21370311846447,328379.0,428.0,157678.0,412287.0,58729.0
MEI,7.9536560247167865,9.484567901234568,17.114197530864196,7.504634397528322,3844.0,0.0,1386.0,10231.0,0.0
MEM,3.8055012302062963,4.675373602913475,16.808677634057517,9.344331587912434,51541.0,24.0,48420.0,66383.0,12320.0
MFE,3.555271383915885,6.332670454545455,16.441477272727273,9.673770957658427,11418.0,6.0,6435.0,17317.0,3292.0
MFR,4.078136739293764,4.336838152459632,20.984228313931656,6.539444027047333,7244.0,31.0,9205.0,14745.0,439.0
MGM,6.922512474317582,7.646938177556402,17.515089364195724,10.660698561784562,13011.0,0.0,7255.0,19831.0,438.0
MHK,1.9296600234466588,3.7938084112149535,18.074766355140188,13.468347010550996,4209.0,0.0,5381.0,7131.0,1657.0
MHT,-0.24210211109447521,6.5582161029631845,14.910655492367555,8.222188950441684,18386.0,0.0,18896.0,22605.0,1889.0
MIA,6.47882797731569,5.308241357908088,18.403742882586286,8.208209559816366,350968.0,2584.0,226891.0,316907.0,53702.0
MKE,2.1449914896299567,3.267107333962858,16.626156751652502,8.86575679253609,83276.0,89.0,83246.0,140584.0,15876.0
MKG,6.016272189349112,6.419497784342688,21.064992614475628,13.643491124260356,1127.0,0.0,2059.0,6189.0,140.0
MLB,1.837160751565762,2.2489568845618915,16.65855354659249,9.263048016701461,5431.0,0.0,3024.0,5274.0,534.0
MLI,6.281992337164751,6.107142857142857,19.135204081632654,11.795402298850576,13816.0,15.0,12410.0,20844.0,2513.0
MLU,6.91264294790343,6.223738495715645,18.065693430656935,10.646759847522237,12988.0,29.0,6787.0,17951.0,747.0
MMH,7.928571428571429,8.878571428571428,19.442857142857143,7.492857142857143,177.0,0.0,790.0,1343.0,0.0
MOB,6.804278476261963,6.869426751592357,18.26995129261896,10.14843310189529,16721.0,14.0,13971.0,26490.0,2132.0
MOT,2.101427868045298,3.702609551944855,18.82028557360906,7.288035450516987,5158.0,15.0,3619.0,9394.0,3866.0
MQT,1.7289719626168225,14.601246105919003,21.401869158878505,18.364485981308412,1798.0,0.0,1865.0,632.0,92.0
MRY,6.007191892775417,5.236893840104849,19.4891874180865,10.486433474991827,7338.0,7.0,7864.0,20478.0,446.0
MSN,2.7028316564671715,3.541610668872118,18.209552362245425,10.852608650554922,26413.0,0.0,26326.0,45412.0,3409.0
MSO,-1.5164488508337088,-0.991899189918992,17.28082808280828,7.427219468228932,5091.0,0.0,2430.0,6246.0,387.0
MSP,1.5411355353638627,2.940551369354812,17.199343764942537,7.182896060421167,383148.0,641.0,299872.0,337051.0,35350.0
MSY,3.2432102897580566,3.520276079480321,15.103840275124188,8.504446782059864,90946.0,1069.0,102396.0,202121.0,20309.0
MTJ,2.4795081967213113,8.611393692777213,18.761953204476093,9.967213114754099,2052.0,10.0,2037.0,6698.0,135.0
MVY,12.356481481481481,1.537037037037037,21.73611111111111,6.097222222222222,504.0,21.0,2595.0,1616.0,0.0
MYR,7.1448885472713295,7.21380503749279,16.739665448952124,10.260953112990007,10203.0,14.0,26471.0,30827.0,1411.0
OAJ,9.594132029339853,9.765663140764849,18.003254678600488,8.496332518337407,7073.0,0.0,2211.0,8668.0,0.0
OAK,6.177477477477478,4.207269608813246,12.35541042724894,6.242012744451769,145867.0,558.0,64922.0,213139.0,8326.0
OGG,0.9208237573791177,2.4002425440172477,13.946146245059289,7.473390113108918,54039.0,260.0,10352.0,72023.0,3084.0
OKC,4.431794635662484,6.487936580882353,16.123161764705884,8.761425117992403,54005.0,36.0,36882.0,88012.0,15700.0
OMA,3.2211791003073484,4.683576764410748,16.631954509978815,8.811958647666946,55220.0,19.0,43797.0,74121.0,10167.0
OME,8.32801161103048,6.020527859237537,9.986803519061583,3.885341074020319,1400.0,211.0,756.0,4758.0,217.0
ONT,4.016059295861643,6.023132678764201,14.132935793964942,6.630893555692815,48949.0,724.0,34459.0,96514.0,4226.0
ORD,7.627928222074911,6.476748298555218,16.023101306617043,6.461048833658188,1320758.0,2784.0,994826.0,1595475.0,424095.0
ORF,3.5068218298555376,5.5974,17.9069,8.804875601926163,34086.0,58.0,28482.0,41763.0,6955.0
ORH,0.6103896103896104,0.4081041968162084,15.432706222865413,7.333333333333333,2194.0,0.0,2476.0,2913.0,0.0
OTH,16.117845117845118,17.713333333333335,23.976666666666667,5.956228956228956,296.0,0.0,1029.0,5157.0,0.0
OTZ,6.598253275109171,2.6223175965665235,11.994277539341917,3.8151382823871907,1154.0,179.0,990.0,3789.0,1134.0
PAH,5.131268436578171,5.43841642228739,20.96041055718475,11.740412979351033,969.0,0.0,3034.0,3833.0,149.0
PBG,9.70103092783505,15.426621160409557,13.310580204778157,8.254295532646049,682.0,0.0,1967.0,2541.0,23.0
PBI,7.470941211027653,6.352677636812795,20.027257882175608,8.365154630523268,84596.0,1315.0,86334.0,136790.0,6207.0
PDX,0.7208229036295369,1.2714210310245733,15.610775516587493,7.3271667709637045,117957.0,285.0,94003.0,160706.0,5248.0
PHF,8.436987322893364,6.9526276831976315,18.42042931162102,8.689783743475019,6844.0,0.0,2010.0,8538.0,0.0
PHL,3.8692606012568644,4.669095651927357,17.79062052539802,7.980439336466059,294562.0,1534.0,270768.0,300133.0,26344.0
PHX,4.039739038543071,2.6312956823267637,15.068926825866736,6.722706304459252,542828.0,6203.0,302561.0,557640.0,34387.0
PIA,5.4657921291624625,3.032264569469651,18.915708812260537,11.288799192734611,20037.0,18.0,18285.0,21446.0,3043.0
PIB,8.423452768729641,4.066884176182708,9.884176182707993,7.62214983713355,4598.0,0.0,1163.0,2358.0,0.0
PIH,2.2138810198300285,-0.8186968838526912,18.73654390934844,5.610481586402266,2495.0,0.0,934.0,915.0,530.0
PIT,-1.4745453132286648,4.314214850410789,16.614594636490466,8.373620394839111,63493.0,15.0,52382.0,84966.0,10764.0
PLN,6.988593155893536,6.428571428571429,19.18078381795196,7.93916349809886,3126.0,10.0,711.0,5705.0,616.0
PNS,3.1329841408409718,4.99941852013374,16.08445995057421,9.525680197875745,16728.0,32.0,13817.0,33865.0,4728.0
PPG,27.63478260869565,7.965217391304348,17.782608695652176,7.28695652173913,2238.0,15.0,0.0,949.0,0.0
PSC,0.5255670895809305,3.720492118415994,19.25990003844675,6.846212995001922,5732.0,30.0,3722.0,9921.0,735.0
PSE,-4.318639798488665,9.521957340025095,16.520702634880802,6.51007556675063,964.0,0.0,658.0,4659.0,0.0
PSG,5.778248587570621,7.52683615819209,11.689265536723164,3.853107344632768,992.0,209.0,848.0,6465.0,180.0
PSP,5.787111017661901,4.032278348354643,18.123454202473276,8.94659377628259,38156.0,211.0,32027.0,39947.0,786.0
PUB,2.2213438735177866,-0.9450980392156862,16.015686274509804,10.960474308300395,248.0,0.0,792.0,1392.0,48.0
PVD,0.07480115078693518,5.8986241242508655,15.319912214062631,7.607801658487054,30139.0,58.0,26003.0,46309.0,5266.0
PWM,3.386017628205128,6.4824631327222,18.9910322837784,8.10196314102564,15224.0,13.0,22750.0,21842.0,1764.0
RAP,3.2999417588817703,3.9665988963113565,19.214638396747024,9.370704717530577,9522.0,19.0,6814.0,16062.0,1696.0
RDD,0.643979057591623,7.542483660130719,20.873202614379085,5.267015706806283,2528.0,0.0,933.0,4240.0,4.0
RDM,0.8792730419731718,2.2200520833333335,20.05815972222222,7.665080051925574,7582.0,4.0,4658.0,9451.0,1017.0
RDU,3.9804804804804803,5.3562327520403965,17.039369385238682,8.145498439616087,84321.0,549.0,108936.0,161249.0,18088.0
RHI,5.088408644400785,-1.9324191968658178,19.71988246816846,5.099214145383104,2236.0,0.0,3552.0,5646.0,176.0
RIC,5.290066144790339,6.558043570605013,19.069603738090905,8.948783299957523,85038.0,59.0,58830.0,58235.0,9812.0
RKS,-0.4807162534435262,-3.819060773480663,16.76243093922652,7.559228650137741,2571.0,17.0,1727.0,2389.0,775.0
RNO,4.96085179608518,4.807697810845615,15.609815424238088,7.409120240912024,30110.0,55.0,33309.0,71168.0,2770.0
ROA,6.593839835728953,5.892402464065708,19.253798767967147,8.885420944558522,8519.0,0.0,9166.0,13300.0,1750.0
ROC,0.8860377358490567,4.479553437029604,17.639739086803814,9.410188679245284,26208.0,3.0,28415.0,30480.0,2468.0
ROW,5.851148851148851,3.999004975124378,16.35820895522388,11.341658341658341,3184.0,0.0,2660.0,4094.0,2867.0
RST,3.4394785847299816,2.865768694844403,19.134695773339526,12.626629422718809,7338.0,1.0,8549.0,11102.0,1054.0
RSW,3.599392966787608,3.181330359942855,17.372486846231578,8.295108847334635,72352.0,149.0,82501.0,146140.0,6818.0
SAF,8.005249343832022,3.867014341590613,16.84550195567145,10.461942257217848,8492.0,11.0,4797.0,7553.0,1061.0
SAN,3.031297760648548,3.1816938076136334,15.089551842308,7.409409263073958,184407.0,1354.0,150395.0,342032.0,16800.0
SAT,1.6849448206671682,5.403116785580173,15.262924020528226,8.484324053172811,77431.0,134.0,53418.0,132255.0,13986.0
SAV,5.450305524379599,4.715692384394865,20.371556774273962,9.635864821050006,28180.0,0.0,33975.0,33190.0,3432.0
SBA,5.148309705561614,3.6680639652227915,19.417637012886196,8.815703380588877,13718.0,29.0,24994.0,34089.0,1215.0
SBN,8.579679595278247,8.08015186669479,19.993039443155453,8.60539629005059,32374.0,242.0,11444.0,19382.0,6183.0
SBP,4.74022431039709,3.7524992426537414,20.13571644956074,10.183085783570778,4880.0,81.0,13465.0,17992.0,1093.0
SCC,0.9854423292273237,0.49230769230769234,11.075824175824176,4.407614781634939,449.0,48.0,727.0,4060.0,859.0
SCE,5.442796610169491,10.113588110403397,21.484076433121018,10.377118644067796,4845.0,0.0,3192.0,3245.0,1432.0
SDF,2.721323666108942,4.9378132541303135,16.064043066641915,8.576873024725785,30201.0,65.0,31841.0,47755.0,4897.0
SEA,2.591039608492647,1.7367163234547136,15.948006095377671,6.801657913791812,377596.0,1708.0,251136.0,311557.0,20867.0
SFO,5.440395519291937,6.000201349038559,17.332597150911106,7.7132422272790135,594468.0,1808.0,311027.0,913339.0,27842.0
SGF,8.636668700427089,7.839421613394216,18.818112633181126,12.506101281269066,24670.0,118.0,24764.0,35853.0,7688.0
SGU,1.9495412844036697,5.187372708757637,19.13951120162933,6.2884811416921504,5276.0,6.0,1949.0,5696.0,796.0
SHV,9.143122388983445,7.328692962103635,17.93982985305491,11.25916756924029,38160.0,0.0,16400.0,35395.0,2019.0
SIT,2.0767045454545454,2.2358356940509916,13.628186968838527,4.9616477272727275,2224.0,167.0,1685.0,4928.0,1509.0
SJC,4.833556719873279,3.700664540785278,14.073513302986782,7.012452784208603,101014.0,202.0,57378.0,193851.0,11353.0
SJT,4.056905749851808,3.087905604719764,15.271386430678467,10.80023710729105,5410.0,41.0,3202.0,9713.0,1996.0
SJU,2.4240515991145712,6.3298257653742045,18.89561172747722,8.472902831844896,99171.0,659.0,38598.0,141553.0,2928.0
SLC,0.4118381071221055,0.055971109226561976,15.559634863311958,6.457197832029948,280492.0,710.0,173078.0,245053.0,26887.0
SMF,5.162496583596293,5.00148879680405,14.338800526041537,6.970333192536089,96696.0,127.0,62629.0,199139.0,5017.0
SMX,5.722143864598025,0.5380281690140845,19.356338028169013,7.9125528913963326,3197.0,102.0,2206.0,3902.0,154.0
SNA,1.5167850467289719,1.1433381553349629,14.289519628872151,7.480473520249221,68261.0,79.0,80009.0,148409.0,5985.0
SPI,7.216476247745039,8.166666666666666,19.597472924187727,12.653638003607938,6801.0,44.0,5733.0,10218.0,666.0
SPS,4.696734059097978,4.23950233281493,15.633748055987558,10.475116640746501,5573.0,15.0,2636.0,5726.0,972.0
SRQ,4.437776548672566,1.7998345740281225,19.433140336366144,9.017699115044248,10970.0,50.0,10967.0,18546.0,398.0
STC,19.307692307692307,23.025974025974026,21.103896103896105,12.525641025641026,160.0,0.0,494.0,1098.0,0.0
STL,3.711490714072897,3.665747719159064,14.74442681475605,7.8724202999304795,147260.0,362.0,100119.0,243006.0,20599.0
STT,3.7342052759920197,5.36670341786108,19.956339581036385,10.498337397472843,19534.0,149.0,9566.0,30593.0,800.0
STX,5.085,6.213213213213213,16.194194194194193,10.453,4828.0,38.0,1721.0,4885.0,8.0
SUN,1.1006493506493507,2.7659804983748644,19.534127843986997,6.492424242424242,2110.0,22.0,2005.0,3932.0,682.0
SUX,5.674418604651163,3.340030911901082,18.327666151468314,19.26511627906977,2356.0,23.0,3635.0,2231.0,1525.0
SWF,6.316644113667118,7.529172320217096,15.51696065128901,8.461434370771313,5341.0,0.0,2154.0,2645.0,173.0
SYR,0.38033976579251194,5.419625246548324,19.74868507560815,10.084446643575788,19482.0,0.0,22822.0,24467.0,507.0
TLH,3.3331381733021077,4.639976621858562,18.119520748100527,9.287763466042154,10477.0,20.0,6190.0,16817.0,846.0
TOL,-3.024489795918367,-1.1321138211382114,17.677845528455286,12.922448979591836,1370.0,0.0,4024.0,3745.0,82.0
TPA,4.515102988276085,4.3166744923113045,16.039089094964197,7.952575441483266,186018.0,258.0,167864.0,350395.0,42627.0
TRI,4.1214771622934885,1.6582646631119728,16.298594280174502,7.293974732750243,7641.0,0.0,4681.0,8355.0,526.0
TTN,10.618828176431863,16.217923280423282,15.805886243386244,9.080974325213957,14643.0,0.0,15754.0,23452.0,1119.0
TUL,3.6088698904621963,6.041960836552551,16.21479952044758,9.426195565054769,35588.0,145.0,34913.0,73792.0,10325.0
TUS,2.1220567332056115,5.616485686080948,16.556391905231983,8.834744453371238,39865.0,32.0,35351.0,61748.0,4035.0
TVC,1.7092941998602376,2.3125435540069685,18.66062717770035,11.680293501048219,7124.0,4.0,9114.0,11727.0,1327.0
TWF,-1.5208098987626546,3.241573033707865,17.36741573033708,5.687289088863892,688.0,20.0,1490.0,2421.0,248.0
TXK,5.314572864321608,4.789949748743719,18.196984924623116,14.582914572864322,3594.0,21.0,2065.0,3801.0,1088.0
TYR,5.623392783077561,6.679651885619561,18.044757563199337,12.454997926171712,8560.0,6.0,5499.0,14267.0,1626.0
TYS,7.585435313262815,9.760190217391305,18.617934782608696,11.026986710062381,37433.0,3.0,30637.0,34134.0,2473.0
UST,8.299363057324841,1.05625,15.1375,6.713375796178344,440.0,0.0,937.0,1071.0,53.0
VEL,-7.52,-13.623115577889447,11.226130653266331,3.585,719.0,0.0,57.0,540.0,17.0
VLD,7.075247524752475,6.733399405351833,17.766105054509417,7.22970297029703,3934.0,0.0,2053.0,4756.0,0.0
VPS,5.187609244513498,5.75923047026817,17.59036144578313,11.026024470771024,21084.0,61.0,11854.0,27832.0,3306.0
WRG,4.9374110953058326,5.616361071932299,11.212976022566997,4.165007112375533,646.0,30.0,578.0,6054.0,112.0
WYS,-1.8653846153846154,4.173076923076923,20.192307692307693,5.975961538461538,258.0,0.0,98.0,472.0,22.0
XNA,10.269604863221884,8.096959903040098,19.44975255024745,11.421681864235056,39780.0,11.0,44038.0,60428.0,12013.0
YAK,-5.483050847457627,0.36901408450704226,11.691549295774648,3.940677966101695,401.0,0.0,345.0,3223.0,76.0
YUM,2.2032640949554896,2.876543209876543,20.019259259259258,10.458456973293769,4993.0,9.0,2066.0,6431.0,472.0
